"","kind","etag","id","contentDetails.videoId","contentDetails.videoPublishedAt"
"items1","youtube#playlistItem","4L6SIShY4c1HlT0eDxO5iD0hXX0","VVU4TWJSUVFkWWhOd09GZVhtcEs1VUJ3LjU2QjQ0RjZEMTA1NTdDQzY=","5CtbYRLZVRc","2020-01-15T11:30:13Z"
"items2","youtube#playlistItem","suIAZsBk4XXsAlr568aNPt2MSS0","VVU4TWJSUVFkWWhOd09GZVhtcEs1VUJ3LjI4OUY0QTQ2REYwQTMwRDI=","jBIybW7evug","2019-12-06T12:42:21Z"
"items3","youtube#playlistItem","XwZW8MsSX2qMWr2knuL6Yk8DSms","VVU4TWJSUVFkWWhOd09GZVhtcEs1VUJ3LjAxNzIwOEZBQTg1MjMzRjk=","Kjybjru-Igs","2019-12-05T11:45:01Z"
"items4","youtube#playlistItem","1DiNsp42o1jaKVylwtaFyuUHm6k","VVU4TWJSUVFkWWhOd09GZVhtcEs1VUJ3LjUyMTUyQjQ5NDZDMkY3M0Y=","XamSMQ43uS8","2019-12-04T11:45:00Z"
"items5","youtube#playlistItem","XTOCSvQ5WqL7RGcnm9F2JMWkk3Y","VVU4TWJSUVFkWWhOd09GZVhtcEs1VUJ3LjA5MDc5NkE3NUQxNTM5MzI=","Rl03Uf1-OjY","2019-12-03T08:00:03Z"
"items6","youtube#playlistItem","Yom8PYbP7j6kJbjcMsizNjmMWJw","VVU4TWJSUVFkWWhOd09GZVhtcEs1VUJ3LjEyRUZCM0IxQzU3REU0RTE=","gl6NRvbCUp4","2019-11-29T11:30:06Z"
"items7","youtube#playlistItem","xqGoXdKsCG8kn1OGWyARkIWU5XM","VVU4TWJSUVFkWWhOd09GZVhtcEs1VUJ3LjUzMkJCMEI0MjJGQkM3RUM=","nz9KxFqonpU","2019-11-29T07:30:02Z"
"items8","youtube#playlistItem","V09M70qbtVtFtPMe5AUgJRUrIFY","VVU4TWJSUVFkWWhOd09GZVhtcEs1VUJ3LkNBQ0RENDY2QjNFRDE1NjU=","OKZFHo5p4VA","2019-11-28T11:30:00Z"
"items9","youtube#playlistItem","5qBYH3gPhVY6wlcts66lnzlHLGA","VVU4TWJSUVFkWWhOd09GZVhtcEs1VUJ3Ljk0OTVERkQ3OEQzNTkwNDM=","dLRwvCvSck4","2019-11-28T07:30:01Z"
"items10","youtube#playlistItem","E55dlA2EKPNw1ApVzHGXXa7ajoc","VVU4TWJSUVFkWWhOd09GZVhtcEs1VUJ3LkY2M0NENEQwNDE5OEIwNDY=","jtvc4-EOYtk","2019-11-27T12:00:08Z"
"items11","youtube#playlistItem","L1ysm6GjRd98qlQhv-9K4IhidlI","VVU4TWJSUVFkWWhOd09GZVhtcEs1VUJ3LjQ3NkIwREMyNUQ3REVFOEE=","GtUnxxVC1CY","2019-11-27T07:45:02Z"
"items12","youtube#playlistItem","xI7zzrlhrgGp3ERKt4vIah6EHIs","VVU4TWJSUVFkWWhOd09GZVhtcEs1VUJ3LkQwQTBFRjkzRENFNTc0MkI=","GMLCw_cA2Eg","2019-11-26T12:15:00Z"
"items13","youtube#playlistItem","TX1TLuR93Oe4_VPRQ5Xvx6RhzMk","VVU4TWJSUVFkWWhOd09GZVhtcEs1VUJ3Ljk4NEM1ODRCMDg2QUE2RDI=","ZRHbKBTYot8","2019-11-26T07:30:01Z"
"items14","youtube#playlistItem","r3sZ7bdZS18P-Vfy-wAlp3HyDRo","VVU4TWJSUVFkWWhOd09GZVhtcEs1VUJ3LjMwODkyRDkwRUMwQzU1ODY=","IqYIxQrFrUg","2019-11-22T08:05:36Z"
"items15","youtube#playlistItem","08a0f6baSJHeu4VCfNruDm-n-zo","VVU4TWJSUVFkWWhOd09GZVhtcEs1VUJ3LjUzOTZBMDExOTM0OTgwOEU=","_w2NrEne5Vo","2019-11-21T07:57:03Z"
"items16","youtube#playlistItem","WWCFsmbS9cyhzTAJftfrRCfUwUQ","VVU4TWJSUVFkWWhOd09GZVhtcEs1VUJ3LkRBQTU1MUNGNzAwODQ0QzM=","xesTpHeQfVs","2019-11-20T12:14:28Z"
"items17","youtube#playlistItem","8N6souTEBupIbBnZkQISCagk2bI","VVU4TWJSUVFkWWhOd09GZVhtcEs1VUJ3LjVBNjVDRTExNUI4NzM1OEQ=","dTAZBi_DznM","2019-11-20T07:46:47Z"
"items18","youtube#playlistItem","p46GuKeQjuxym-lz_APjgQAvHlo","VVU4TWJSUVFkWWhOd09GZVhtcEs1VUJ3LjIxRDJBNDMyNEM3MzJBMzI=","aL-z9RtJLkc","2019-11-19T12:39:58Z"
"items19","youtube#playlistItem","Kx_QA84yepeHOyJiPlanYcsTdyM","VVU4TWJSUVFkWWhOd09GZVhtcEs1VUJ3LjlFODE0NEEzNTBGNDQwOEI=","3uLccoVGT-0","2019-11-19T07:40:43Z"
"items20","youtube#playlistItem","SvW79NydKm-GizcZhlY7O8yANqU","VVU4TWJSUVFkWWhOd09GZVhtcEs1VUJ3LkQ0NThDQzhEMTE3MzUyNzI=","OHGrNiaQjbo","2019-11-15T12:31:33Z"
"items21","youtube#playlistItem","3qQJq6dRoi2cmZ8cbBJORO1iQrc","VVU4TWJSUVFkWWhOd09GZVhtcEs1VUJ3LjIwOEEyQ0E2NEMyNDFBODU=","DDXa3Ftgltk","2019-11-15T07:26:50Z"
"items22","youtube#playlistItem","nQ7ygXjvp1fw9fFKS4ha0Lct45U","VVU4TWJSUVFkWWhOd09GZVhtcEs1VUJ3LkYzRDczQzMzNjk1MkU1N0Q=","O0iHWV8asrs","2019-11-08T11:49:52Z"
"items23","youtube#playlistItem","B7Qo5RGkAMtVA3-a_k05RyeozxI","VVU4TWJSUVFkWWhOd09GZVhtcEs1VUJ3LjNGMzQyRUJFODQyRjJBMzQ=","9DWeYmYz5fo","2019-10-31T13:39:25Z"
"items24","youtube#playlistItem","152LfIoPgjBV4BrpWpJ0FK2_qhM","VVU4TWJSUVFkWWhOd09GZVhtcEs1VUJ3Ljk3NTBCQjUzRTE1OEEyRTQ=","AurzNXKFgp4","2019-10-21T12:49:25Z"
"items25","youtube#playlistItem","ipzM_vvSB1Qn5UuiLWS_tYrWS4Y","VVU4TWJSUVFkWWhOd09GZVhtcEs1VUJ3LkM3MTVGNkQxRkIyMDREMEE=","CB-j0p1JO5s","2019-10-16T08:44:19Z"
"items26","youtube#playlistItem","FWHifxBGXinOzl_wvNctj6T3r78","VVU4TWJSUVFkWWhOd09GZVhtcEs1VUJ3LjcxMjU0MjA5MzBCMjEzM0Y=","O60Nx8OfBcc","2019-09-27T06:47:56Z"
"items27","youtube#playlistItem","b9euN9HgQ5ToVObGt8_rxCYl9fw","VVU4TWJSUVFkWWhOd09GZVhtcEs1VUJ3LkNDQzJDRjgzODQzRUY4RjA=","N_arf5OhaXU","2019-01-29T08:08:43Z"
"items28","youtube#playlistItem","y6EItmT1k9MJKhSiSHA09pI2TLU","VVU4TWJSUVFkWWhOd09GZVhtcEs1VUJ3LjJBQTZDQkQxOTg1MzdFNkI=","wV5Bo1_uDDI","2019-01-28T07:01:45Z"
"items29","youtube#playlistItem","qswSjfKeUOeCMNPN0Uqgezzaag0","VVU4TWJSUVFkWWhOd09GZVhtcEs1VUJ3LkMyRTg1NjVBQUZBNjAwMTc=","F1tk-VsLsh8","2019-01-04T12:17:40Z"
"items30","youtube#playlistItem","d_KwtkM2QTrYX4gI_g3qJ0TExPc","VVU4TWJSUVFkWWhOd09GZVhtcEs1VUJ3LjgyNzlEQUFFQTYxN0VENTQ=","9YzZjxCTBlQ","2018-12-27T08:54:02Z"
"items31","youtube#playlistItem","hAlehIbDX_QGVc6_WaneS1dwLpI","VVU4TWJSUVFkWWhOd09GZVhtcEs1VUJ3Ljc0OEVFODA5NERFNThGODc=","1Q2qAddzkJg","2018-12-27T08:33:39Z"
"items32","youtube#playlistItem","mKtyBvckzRGYjTdL-NLcVbpoJ3o","VVU4TWJSUVFkWWhOd09GZVhtcEs1VUJ3LjVBRkZBNjk5MThBNERBRTg=","L9PUWxf2p8Y","2018-12-27T08:18:20Z"
"items33","youtube#playlistItem","RXwFrXZiqWv03hJZxAOawLzEH6E","VVU4TWJSUVFkWWhOd09GZVhtcEs1VUJ3LjNEMEM4RkM5QzQwNjk0QTM=","wl0FRhp7F4Y","2018-12-27T07:59:36Z"
"items34","youtube#playlistItem","idQXPHGGUp1MnmlZeU1JSYk46ps","VVU4TWJSUVFkWWhOd09GZVhtcEs1VUJ3LkIwRDYyOTk1Nzc0NkVFQ0E=","dpMpiss-X7s","2018-12-27T07:53:12Z"
"items35","youtube#playlistItem","og08h163L6H3Rj__cevCm7jPUzc","VVU4TWJSUVFkWWhOd09GZVhtcEs1VUJ3LjYxMjg2NzZCMzVGNTUyOUY=","udwJU2MQqR0","2018-12-27T07:40:22Z"
"items36","youtube#playlistItem","D00KrOaXE4ovJud-0yvX5OE-68A","VVU4TWJSUVFkWWhOd09GZVhtcEs1VUJ3LjlGM0UwOEZDRDZGQUJBNzU=","jJF-ROhG07I","2018-11-29T11:46:48Z"
"items37","youtube#playlistItem","tQ3HlCqPPbwRj6iDV5I7kY1lxeU","VVU4TWJSUVFkWWhOd09GZVhtcEs1VUJ3LjRBMDc1NTZGQzVDOUIzNjE=","AaY3k06lu5k","2018-11-26T05:59:03Z"
"items38","youtube#playlistItem","m1hBnaw2nN6Jt0zWF53NrdN5Qt4","VVU4TWJSUVFkWWhOd09GZVhtcEs1VUJ3LkFGMkM4OTlEQzQ2OTMxQjI=","gG7PBy1NBJQ","2018-11-22T12:06:14Z"
"items39","youtube#playlistItem","2BpUlpDCPRRfzQZ7Ca3YUN956lk","VVU4TWJSUVFkWWhOd09GZVhtcEs1VUJ3LjE5MTNDOEFDNTcwM0M2NzM=","s9PVU1-DFyQ","2018-10-12T13:18:32Z"
"items40","youtube#playlistItem","xvExG4NfmjJFxpVqa_Q0K7vEBxA","VVU4TWJSUVFkWWhOd09GZVhtcEs1VUJ3LkY0ODU2NzVDNkRGOUVGMTk=","7Oy8C9pmZXs","2018-08-10T07:57:59Z"
"items41","youtube#playlistItem","-uOLpIanClwWyez-pQo0DkWdU-o","VVU4TWJSUVFkWWhOd09GZVhtcEs1VUJ3LjNDMUE3REY3M0VEQUIyMEQ=","yWwJv7OkRz8","2018-08-10T07:53:42Z"
"items42","youtube#playlistItem","kKDxnsfj8rpvDIIqblsrC3kbtMQ","VVU4TWJSUVFkWWhOd09GZVhtcEs1VUJ3Ljk2RUQ1OTFEN0JBQUEwNjg=","D-BUHf8kFYM","2018-08-10T07:51:39Z"
"items43","youtube#playlistItem","RstoKxu3I-hfc2iRjVuYr64O3HU","VVU4TWJSUVFkWWhOd09GZVhtcEs1VUJ3LkM2QzBFQjYyQjhCQjg0MUY=","pcGyUIlgjgg","2018-08-10T07:48:59Z"
"items44","youtube#playlistItem","u7HxLWzOjnXmbl2ESRmaI4YiJ5s","VVU4TWJSUVFkWWhOd09GZVhtcEs1VUJ3LkNFRDA4MzFDNTJFOUZGRjc=","40G7hwbEgKM","2018-08-01T09:32:55Z"
"items45","youtube#playlistItem","JVQNfsV_EBTyyXP7b7lYcmSpteY","VVU4TWJSUVFkWWhOd09GZVhtcEs1VUJ3LjUzNjgzNzA5QUVFRTdDMTE=","vNfXTfDEqUs","2018-08-01T09:27:09Z"
"items46","youtube#playlistItem","kH-nPCc6LU-kSLAVifN_fdfGqqc","VVU4TWJSUVFkWWhOd09GZVhtcEs1VUJ3LjJCNkVGQTFCMUY4OTdFQUM=","LccrsiZ1cXY","2018-08-01T08:26:36Z"
"items47","youtube#playlistItem","w8ZMjvTuiGHqT7jELVcvVZrQK9Y","VVU4TWJSUVFkWWhOd09GZVhtcEs1VUJ3LjJBQkU1RUIzNUM2NzFFOUU=","wQOeCowZ_zg","2018-05-01T11:29:07Z"
"items48","youtube#playlistItem","c-6V8uA4b5NPyUOyBPh01ruvcLk","VVU4TWJSUVFkWWhOd09GZVhtcEs1VUJ3LjRDNEM4RTRBRjA1QjE3QzU=","TDe2f3YS3ac","2018-04-28T06:32:14Z"
"items49","youtube#playlistItem","NNlaGVZsIYTprRxY8lPGa6wIjzY","VVU4TWJSUVFkWWhOd09GZVhtcEs1VUJ3LjVFM0FERjAyQjlDNTdGRjY=","TIJ99M0Vip0","2018-04-26T10:52:51Z"
"items50","youtube#playlistItem","lA3_FeHc0JcMmv8XCbVi2O0o9xE","VVU4TWJSUVFkWWhOd09GZVhtcEs1VUJ3LkQ2MjVBQjQwMjk0RDM4MUQ=","rL8a6GpOI5I","2018-04-07T13:06:03Z"
"items110","youtube#playlistItem","0_3snXaONEaDVFsITRBNq8Qti6g","VVU4TWJSUVFkWWhOd09GZVhtcEs1VUJ3LjhDNUZBRTZCMTY0ODEzQzg=","AY0FrbIQtds","2018-04-07T11:28:13Z"
"items210","youtube#playlistItem","EGqBZF9Ad4dGFaPgbxavWRmu7O4","VVU4TWJSUVFkWWhOd09GZVhtcEs1VUJ3LjEzODAzMERGNDg2MTM1QTk=","l24BuCpiZD8","2018-04-07T11:09:41Z"
"items310","youtube#playlistItem","UnW8cp4qCwrnNzfymzaWEggGBL8","VVU4TWJSUVFkWWhOd09GZVhtcEs1VUJ3LjMwRDUwQjJFMUY3OENDMUE=","z5Db23Jl7qc","2018-03-17T07:34:52Z"
"items410","youtube#playlistItem","7kRQyVtMGsp_KPQ3qPYmY4aQ0Rw","VVU4TWJSUVFkWWhOd09GZVhtcEs1VUJ3LjZDOTkyQTNCNUVCNjBEMDg=","bJN9L_pp5gw","2017-09-09T06:57:51Z"
"items51","youtube#playlistItem","Ep1y3LJZEtFmf2_3WJsaPQnwfzw","VVU4TWJSUVFkWWhOd09GZVhtcEs1VUJ3LjU1NkQ5OEE1OEU5RUZCRUE=","KPru5C1MUJI","2017-09-07T14:14:09Z"
"items61","youtube#playlistItem","gpqWA9oS5JmiUNclJo9lrVT7yYc","VVU4TWJSUVFkWWhOd09GZVhtcEs1VUJ3Ljc0REIwMjNDMUEwREIwQTc=","5whYKjJwSmQ","2017-09-07T14:00:36Z"
"items71","youtube#playlistItem","EsAuC2EKinZZhVzyaL5ZPkK_X-g","VVU4TWJSUVFkWWhOd09GZVhtcEs1VUJ3LkY2MDA3RjRBMUY5NUMwQzI=","WbA2hIDG99c","2017-09-07T13:27:40Z"
"items81","youtube#playlistItem","_5JwRgAN873bZZfdqZ7C2Scg-QA","VVU4TWJSUVFkWWhOd09GZVhtcEs1VUJ3LkJCQTBEMDQwOTA1QzYwNjU=","gTt08f0c5ic","2017-09-07T13:25:53Z"
"items91","youtube#playlistItem","qs-UuVEDwsv_Uo7bRm3cRkyevmY","VVU4TWJSUVFkWWhOd09GZVhtcEs1VUJ3LjA0RTUxMjg2RkQzNUE3QkU=","tlXU2QUZ3JA","2017-09-07T13:24:16Z"
"items101","youtube#playlistItem","LXuUZzGDQGrfl20Sb1pPh_3Flgo","VVU4TWJSUVFkWWhOd09GZVhtcEs1VUJ3LjAxNjFDNUFEMjU0RUNBRkQ=","j0HRoYk6GVA","2017-09-07T13:20:03Z"
"items111","youtube#playlistItem","TJCXLfJXltzgI1C0tj42-R9dRDU","VVU4TWJSUVFkWWhOd09GZVhtcEs1VUJ3LjMxQTIyRDA5OTQ1ODgwODA=","ZQiRj61HOpw","2017-09-07T13:17:10Z"
"items121","youtube#playlistItem","hSHo_Lq4r0xYCwVaJAlEAvzxKI8","VVU4TWJSUVFkWWhOd09GZVhtcEs1VUJ3LjZDN0EzOUFDNDNGNDRCRDI=","SAkozKxBkkA","2017-09-07T13:15:26Z"
"items131","youtube#playlistItem","B5MEYWh6TGXVl4U2xsltu7LS7II","VVU4TWJSUVFkWWhOd09GZVhtcEs1VUJ3LjU5REQ0NzY0QzUwMjkyOTI=","RZZB74Cf6fw","2017-09-07T13:12:52Z"
"items141","youtube#playlistItem","X1dnqC6TwpLJxActJkRx-8UsvcM","VVU4TWJSUVFkWWhOd09GZVhtcEs1VUJ3LjBGOEUzQzExNTUwRTNDRUE=","pfUkJkgTs8Q","2017-09-07T13:11:26Z"
"items151","youtube#playlistItem","S7diP7Am4gHxI9Vk08wF6SLr6VE","VVU4TWJSUVFkWWhOd09GZVhtcEs1VUJ3LkI1NkU5M0ZDNkQ4ODVFRDE=","1QD01lro44A","2017-09-07T13:03:08Z"
"items161","youtube#playlistItem","EEd9FzTaz-wrSZjUB2TA8J0IhwA","VVU4TWJSUVFkWWhOd09GZVhtcEs1VUJ3LkI1NzEwNDQ1OEE3MzE4NjM=","ore9N4R8NwU","2017-09-07T12:53:53Z"
"items171","youtube#playlistItem","aeBsBDhbkaXj2tVquJsRo746q4U","VVU4TWJSUVFkWWhOd09GZVhtcEs1VUJ3LkRGRTJBMzQzMTBCNkIxNjk=","9K4StilReks","2017-09-07T12:50:26Z"
"items181","youtube#playlistItem","fjyzzyVcnXj7-ILborpi-WPEHRE","VVU4TWJSUVFkWWhOd09GZVhtcEs1VUJ3LjEzRjIzREM0MThERDU0MDQ=","VaiaQCd1vJ4","2017-09-07T12:45:52Z"
"items191","youtube#playlistItem","0_RK7fnpPLq5ddbSB4syRfFtiqk","VVU4TWJSUVFkWWhOd09GZVhtcEs1VUJ3LjYyNjMxMzJCMDRBREI3QkU=","ziZMx0iX2kI","2017-09-07T12:42:57Z"
"items201","youtube#playlistItem","fq2M_3tUamQ4w7sHWbQMb56SOMc","VVU4TWJSUVFkWWhOd09GZVhtcEs1VUJ3LjQwM0QzMDRBMEVFOEUzMEQ=","5fv1_LhTPGg","2017-09-07T12:41:15Z"
"items211","youtube#playlistItem","8_RuCDuqULtpv5fBnI-Qv3vpeho","VVU4TWJSUVFkWWhOd09GZVhtcEs1VUJ3LjZFM0I4QzFEQjdDRUMyNTY=","vtwV4G305Vc","2017-05-09T11:52:48Z"
"items221","youtube#playlistItem","FUHdd5H5iuEcjvpoGRMvz5eplls","VVU4TWJSUVFkWWhOd09GZVhtcEs1VUJ3LjdDM0I2RkQ3MjIwNjYyNkE=","bLSAjvTk_FI","2017-03-17T11:06:24Z"
"items231","youtube#playlistItem","QhbD5-bNNbitYZpx92_vCM4fyJw","VVU4TWJSUVFkWWhOd09GZVhtcEs1VUJ3LkRCQTdFMkJBMkRCQUFBNzM=","9jSId8tkNdQ","2017-01-04T09:34:10Z"
"items241","youtube#playlistItem","BpCD5WLPFWA4vuEsfQHQeI7fpno","VVU4TWJSUVFkWWhOd09GZVhtcEs1VUJ3LjJDOThBMDlCOTMxMUU4QjU=","y9BMc0vDJAk","2016-08-29T12:24:52Z"
"items251","youtube#playlistItem","GBOika2pkwQmhisoG9c7mpY_IPc","VVU4TWJSUVFkWWhOd09GZVhtcEs1VUJ3Ljk0OUNBQUU5OEMxMDFCNTA=","y2AZ25UBYlg","2016-08-29T11:37:40Z"
"items261","youtube#playlistItem","v5nRBB935g4RPRPTdai6cPplwZ4","VVU4TWJSUVFkWWhOd09GZVhtcEs1VUJ3LjE3RjZCNUE4QjYzNDk5Qzk=","aYwtKFhJb18","2016-08-29T11:36:18Z"
"items271","youtube#playlistItem","6V3JKzCemSblMIGuvIITgzXceaE","VVU4TWJSUVFkWWhOd09GZVhtcEs1VUJ3LkVBRjZDOThFQUM3RkVGRkU=","-ScVR8KtkFU","2016-08-29T11:27:39Z"
"items281","youtube#playlistItem","OZMBY9v47ebMerYha83Si3rbSUQ","VVU4TWJSUVFkWWhOd09GZVhtcEs1VUJ3LkIwRUFFQkRGRTI1MEQ1OTM=","B1f4PNlm25w","2016-08-29T11:25:49Z"
"items291","youtube#playlistItem","-H_nYWNAk9bumFTO_ov85LTV4oA","VVU4TWJSUVFkWWhOd09GZVhtcEs1VUJ3LjE2MjI0QTQwMTJEOUIyMEQ=","Ck1Tb_NypZY","2016-08-29T11:16:24Z"
"items301","youtube#playlistItem","wXVtEl6KtHPGR-FGU82mJSa_XOA","VVU4TWJSUVFkWWhOd09GZVhtcEs1VUJ3LjhBNjYwQTM3MEVBQkIxRDY=","JdDKgPtic-A","2016-08-29T10:40:10Z"
"items311","youtube#playlistItem","sKBZ5p99XX89Gch6rruKpQKmo28","VVU4TWJSUVFkWWhOd09GZVhtcEs1VUJ3LjNBOTNGODFFNjQ4RTQyQzc=","I2W6I3RIpu8","2016-08-04T06:04:25Z"
"items321","youtube#playlistItem","UTJuK-DswPkTz0TnC2GaLJtrQNA","VVU4TWJSUVFkWWhOd09GZVhtcEs1VUJ3LjE1NkE1RDEwNkFDMUYyOTA=","UzfvnWzXyJU","2016-08-01T08:01:49Z"
"items331","youtube#playlistItem","BA9xnmsaoEBND19-pXK0mFAsrOc","VVU4TWJSUVFkWWhOd09GZVhtcEs1VUJ3LjAwMUY3MEQ5NThDRjVDREY=","3WHJu_5Kqgc","2016-07-19T08:30:45Z"
"items341","youtube#playlistItem","hgJoGL1DYmoJA7TnmyKyHVt9Cow","VVU4TWJSUVFkWWhOd09GZVhtcEs1VUJ3LjhBMDVBNDJFNzczRUZDNjE=","2-tas1QX8mE","2016-07-15T12:48:46Z"
"items351","youtube#playlistItem","XG5nfAlpasyUrbuShg-tJAHzwTk","VVU4TWJSUVFkWWhOd09GZVhtcEs1VUJ3LjgyQzZGNURCRDk3QjYyNUQ=","4-u4A3Ub4Xc","2016-06-23T14:03:16Z"
"items361","youtube#playlistItem","tc9u32at_zExbn0PELefU_80BOM","VVU4TWJSUVFkWWhOd09GZVhtcEs1VUJ3LjQ3MTYxNjVBMzdFQjdCRTc=","7S3KbKHVonY","2016-06-23T14:03:16Z"
"items371","youtube#playlistItem","5ZXLTKoeeXZpePv-C9jcw72MSAk","VVU4TWJSUVFkWWhOd09GZVhtcEs1VUJ3LkQzMkNFNTBCMEQ5RUVDMDA=","Fvqgb5Dadlw","2016-06-23T14:03:16Z"
"items381","youtube#playlistItem","iAMjEyJJXhPbCDVhLZvxkb9-jSE","VVU4TWJSUVFkWWhOd09GZVhtcEs1VUJ3LkIxQzQ3Njk3N0RDOUZGMDE=","GIsnwX1tWY4","2016-06-23T14:03:16Z"
"items391","youtube#playlistItem","2S-tEywkR9GalgY1e8W5-geP_s4","VVU4TWJSUVFkWWhOd09GZVhtcEs1VUJ3LkYwMEM2QkYzNjNERTIxNjA=","M3kSuxpEmU8","2016-06-23T14:03:16Z"
"items401","youtube#playlistItem","KBYDT7u-gNrn7NQOiopx3exKaKc","VVU4TWJSUVFkWWhOd09GZVhtcEs1VUJ3LjBBQTRDMzgyQkZDRjBCNTE=","MUe9PWqHOMQ","2016-06-23T14:03:16Z"
"items411","youtube#playlistItem","Bpeyz7fxSoUkcbBOopNEp9yMh14","VVU4TWJSUVFkWWhOd09GZVhtcEs1VUJ3LkNCODZENDIwRUZCRkU4RUU=","MnuJw33d9_c","2016-06-23T14:03:16Z"
"items421","youtube#playlistItem","YUM9B9tWjQYPln4jjVDEHSCwCWQ","VVU4TWJSUVFkWWhOd09GZVhtcEs1VUJ3LjIzQTJDRTUzQjZGQjA1NDQ=","Pg1zOfIoCew","2016-06-23T14:03:16Z"
"items431","youtube#playlistItem","yTet5dfDMug7YqsZrmeeDk6gsUI","VVU4TWJSUVFkWWhOd09GZVhtcEs1VUJ3LkREQ0U1OThDRDYxNkMxMDk=","RysESLm0Qso","2016-06-23T14:03:16Z"
"items441","youtube#playlistItem","2ZBK55SnxfnPXYSYW51YEIoCkdQ","VVU4TWJSUVFkWWhOd09GZVhtcEs1VUJ3LjVENTNGMkVDRjQxQjc3NTU=","SCG6KSonx0c","2016-06-23T14:03:16Z"
"items451","youtube#playlistItem","97h2yfU467QWUib60mHjTdacjl0","VVU4TWJSUVFkWWhOd09GZVhtcEs1VUJ3LkVGN0Y0MzM3QjZFMjcwOUY=","V3m4xc_-9UI","2016-06-23T14:03:16Z"
"items461","youtube#playlistItem","_ao-uM2fMq2FaMAAvqp-gzYMrow","VVU4TWJSUVFkWWhOd09GZVhtcEs1VUJ3LjU4MjIxODBDMDg2MkJCRkI=","d-_jp5WBT78","2016-06-23T14:03:16Z"
"items471","youtube#playlistItem","v5KHCSqrp2nkpBIo5r2T8tak3vs","VVU4TWJSUVFkWWhOd09GZVhtcEs1VUJ3LkI0RjI1NUE0N0YwMjUwM0I=","fIo2_k0aDLo","2016-06-23T14:03:16Z"
"items481","youtube#playlistItem","rFG3xx2N2CLGobSAB6J4xuSZQGg","VVU4TWJSUVFkWWhOd09GZVhtcEs1VUJ3LkQxQkU3NEI0NEVCMTlGMzg=","it84s8HP3hI","2016-06-23T14:03:16Z"
"items491","youtube#playlistItem","HB_Gh_fxRV1uFd_yoI6OGJmu9R8","VVU4TWJSUVFkWWhOd09GZVhtcEs1VUJ3LjhCM0I2REQ2M0VBMEQxQ0M=","j9By_L8TbGc","2016-06-23T14:03:16Z"
"items501","youtube#playlistItem","WgckN5RltYcyFLrcXf6QNXtxpfY","VVU4TWJSUVFkWWhOd09GZVhtcEs1VUJ3LkY3OTZFOUNBM0JDMkJDMkY=","lmdJLpB8LmQ","2016-06-23T14:03:16Z"
"items112","youtube#playlistItem","_dDUA4ZDWIlQNS0S-l6hsdZ5Rgk","VVU4TWJSUVFkWWhOd09GZVhtcEs1VUJ3Ljc4MDYwNUJDNjlDNkMyNTA=","lr0Gq0pi_YI","2016-06-23T14:03:16Z"
"items212","youtube#playlistItem","G9ana6ta7wobW8uCmLHXoa54qq4","VVU4TWJSUVFkWWhOd09GZVhtcEs1VUJ3LjQ5NDlCOUQwODM3QUE1QjA=","qif0kvYfbPY","2016-06-23T14:03:16Z"
"items312","youtube#playlistItem","o-uvB4-bIewJxFsnkQGAlHLgrvM","VVU4TWJSUVFkWWhOd09GZVhtcEs1VUJ3LkJDNTBEQjczOTFCN0EzQTQ=","sRZjGu8BpwQ","2016-06-23T14:03:16Z"
"items412","youtube#playlistItem","1nE8P6Pq5jIhyKC2eIuQAScXLbw","VVU4TWJSUVFkWWhOd09GZVhtcEs1VUJ3LjI5NkZFM0RDRkY1QzlEODA=","xISH1ymj1YE","2016-06-23T14:03:16Z"
"items52","youtube#playlistItem","MVYuQbr6yBAY6ScYNJ5ezRpz0jo","VVU4TWJSUVFkWWhOd09GZVhtcEs1VUJ3LjM0MjFFQkZBOEVFODVDMDI=","xMPLxWEPGKA","2016-06-23T14:03:16Z"
"items62","youtube#playlistItem","kLhMvmhVDXg_ZJ4jFchEboGopnk","VVU4TWJSUVFkWWhOd09GZVhtcEs1VUJ3LjA3QUFFRUU0RUExNkFDQzE=","yy4DiMT0i2w","2016-06-23T14:03:16Z"
"items72","youtube#playlistItem","-Gci8WGhVtdhEqEeMalS8A8O490","VVU4TWJSUVFkWWhOd09GZVhtcEs1VUJ3LkQ4ODI2NjgzMDdDNjlFOTE=","zKhttBfZNtw","2016-06-23T14:03:16Z"
"items82","youtube#playlistItem","jnCJVPjX4gGY2_atuP4bHzROjeI","VVU4TWJSUVFkWWhOd09GZVhtcEs1VUJ3LkE3N0RDNjRERDNBMTI3RTc=","fbphtRSzqxE","2016-06-06T08:03:13Z"
"items92","youtube#playlistItem","VN9AfP6bbXrun3NAcBUwwe104RY","VVU4TWJSUVFkWWhOd09GZVhtcEs1VUJ3LjdEODczMkMxNEUxNkU5MDA=","FDew-bLVxIA","2016-06-06T07:48:36Z"
"items102","youtube#playlistItem","lNh9Q0p0kaRMSCQ9NOQ7s0Lsyps","VVU4TWJSUVFkWWhOd09GZVhtcEs1VUJ3Ljg2MjE2Nzk5RDBCQkE4NDk=","_T-6f0tjQAM","2016-06-06T06:51:36Z"
"items113","youtube#playlistItem","Ibucq_WCeLwNxfUFhi73-PLWVNc","VVU4TWJSUVFkWWhOd09GZVhtcEs1VUJ3LjBGRUE1Rjg5OTM3QkI1MDY=","usE_NgtuyrI","2016-06-06T06:48:04Z"
"items122","youtube#playlistItem","OHSnZu20-JbE8tmmiksO7z2tN5Y","VVU4TWJSUVFkWWhOd09GZVhtcEs1VUJ3Ljc2MTk0N0NFN0Q2NDdFOTA=","kFnhtfr05UI","2016-06-06T06:41:53Z"
"items132","youtube#playlistItem","6S5qmV9mxsarA5emzdJDTpHe2Gs","VVU4TWJSUVFkWWhOd09GZVhtcEs1VUJ3LkQ0QTI5MjA2Rjg3MUYyRDY=","WZXBIuYCSPQ","2016-06-06T06:27:21Z"
"items142","youtube#playlistItem","6k6Ew0gG9gB_DTT-Cm8iZO1bWdI","VVU4TWJSUVFkWWhOd09GZVhtcEs1VUJ3LjY0RkM1NTRFNEQ0NTNGMzM=","2drwUG5h1uU","2016-06-06T06:19:35Z"
"items152","youtube#playlistItem","PkqqzgI05JTARJ9AMIFViQIHuVs","VVU4TWJSUVFkWWhOd09GZVhtcEs1VUJ3LkFEODU1RjU5NjZDODM4QzQ=","CcffgOJcw2U","2016-06-06T06:19:35Z"
"items162","youtube#playlistItem","boYJHnPNEFT-Df9u_LQoVcFzN4E","VVU4TWJSUVFkWWhOd09GZVhtcEs1VUJ3LkRGRENCNjQ3RjRDRUU5N0I=","0Rf9xqTSsQY","2016-06-06T06:06:07Z"
"items172","youtube#playlistItem","OQtLk-_vVXuoUEdpuwH5rqTIhDM","VVU4TWJSUVFkWWhOd09GZVhtcEs1VUJ3LjAwOTBGQjc3MTE4MDYxMUY=","46HaNxft4Cg","2016-06-06T06:06:06Z"
"items182","youtube#playlistItem","tCDy_fYefEBG0ZMYSzBC3t3OYIU","VVU4TWJSUVFkWWhOd09GZVhtcEs1VUJ3LjFEMkY5NzhGRTEzNTAxQUY=","YNazDlI6c_o","2016-06-06T05:25:00Z"
"items192","youtube#playlistItem","pMh-EprWJtyALIXI_wu1oU_IQnU","VVU4TWJSUVFkWWhOd09GZVhtcEs1VUJ3LjBBMjg4RkVFQTRDRDc4NDA=","4hxrBFcWhLY","2016-06-06T05:09:02Z"
"items202","youtube#playlistItem","UOgXNtUwaMnl8PSe4mlQOair9Kc","VVU4TWJSUVFkWWhOd09GZVhtcEs1VUJ3LjU1QzA1NUREM0FENzhEQzQ=","6rIrRoqECgE","2016-06-06T05:05:50Z"
"items213","youtube#playlistItem","OY57XxQlWFY86pfbzaBEHyJmD2o","VVU4TWJSUVFkWWhOd09GZVhtcEs1VUJ3LkFFRUI3QTQzMTBDMDA2MzI=","sEKGn-68fj4","2016-06-06T05:05:44Z"
"items222","youtube#playlistItem","Q95COniHplBH9xnl8fKi-_Azh50","VVU4TWJSUVFkWWhOd09GZVhtcEs1VUJ3LkQ4OTI0MzNGQkE2RDY2QzM=","2YQmOV0zs8s","2016-06-06T05:05:39Z"
"items232","youtube#playlistItem","HgLB1P6l2_KBxkfAlKYUGJXIfbI","VVU4TWJSUVFkWWhOd09GZVhtcEs1VUJ3LjUzMkU0RjE4MTI3MDRBRTE=","u00QnHCBrNU","2016-05-26T14:50:01Z"
"items242","youtube#playlistItem","wLf7VTXM5rUmQEtGKMTispCt2Xc","VVU4TWJSUVFkWWhOd09GZVhtcEs1VUJ3LkQ2ODcwRTJDQjM4MzNBOEE=","vI-BAyy-wLM","2016-05-26T14:47:50Z"
"items252","youtube#playlistItem","0UinXBXgf-6ufb1AD9MNrD_WBzY","VVU4TWJSUVFkWWhOd09GZVhtcEs1VUJ3LjkwQjc2ODMxNUVCRkY4NjE=","zFlWNK3etLI","2016-05-26T14:45:20Z"
"items262","youtube#playlistItem","8FqS-j-tMTzDz8TXnXEx0WNTihc","VVU4TWJSUVFkWWhOd09GZVhtcEs1VUJ3LjM0QzNDQUNERjUyQTVGRDU=","WcJK2mUyRJQ","2016-05-26T14:40:02Z"
"items272","youtube#playlistItem","5RC2iG09nE8K-G3wQs7hrqCxGLY","VVU4TWJSUVFkWWhOd09GZVhtcEs1VUJ3LkFDNEFDM0Q5ODM1NTZCRkE=","jf6HdmVc8DA","2016-05-26T14:38:31Z"
"items282","youtube#playlistItem","wcRJKvo0QO2MxhKu181C7adT0bo","VVU4TWJSUVFkWWhOd09GZVhtcEs1VUJ3LkQ3RTQ1OTc3MjAyNTE3Qzc=","LDzECw31IL4","2016-05-16T15:48:36Z"
"items292","youtube#playlistItem","_wJMmH8LZ9E97ZNqjywfP4St6_w","VVU4TWJSUVFkWWhOd09GZVhtcEs1VUJ3LjgzRDkzNDRBNzBDMUMyNzk=","Tisc38UrXyo","2016-05-16T15:44:17Z"
"items302","youtube#playlistItem","HfBGMfbemrt0uMBOXtOPXIdSk9o","VVU4TWJSUVFkWWhOd09GZVhtcEs1VUJ3LjAwQzJBMEE5NTA1MzQ5QUY=","yH0Upexbkic","2016-05-16T15:41:20Z"
"items313","youtube#playlistItem","M2nj4kEogElcBR_QdVRAuIWoJ18","VVU4TWJSUVFkWWhOd09GZVhtcEs1VUJ3LkVCNzJENkEwQzI1Njc5N0Q=","BlJhnzcq9Cg","2016-05-16T15:39:42Z"
"items322","youtube#playlistItem","6Cpmgpj6YDmTS4paH9tIhn-BgSE","VVU4TWJSUVFkWWhOd09GZVhtcEs1VUJ3LjhEQjhBRkNEMjkwNzhDQ0U=","WlbPNG1bEEM","2016-05-16T06:20:52Z"
"items332","youtube#playlistItem","pYVIDEPTV-z-rlPyO5QDOj8-hrI","VVU4TWJSUVFkWWhOd09GZVhtcEs1VUJ3LjQ4NTYxMEYzQzkyQjBDNTQ=","De4QxTsiJy8","2016-05-16T06:16:14Z"
"items342","youtube#playlistItem","c0tnLdFcl96pAUNBxNRfrIcDnA0","VVU4TWJSUVFkWWhOd09GZVhtcEs1VUJ3LjZEODFDQzY5QjBERkI2NkU=","L_ght-fxquw","2016-05-12T11:53:14Z"
"items352","youtube#playlistItem","017QPSThCdwuzyyl3imst-XoxDk","VVU4TWJSUVFkWWhOd09GZVhtcEs1VUJ3LjQzMTA2RThFQTQyOEFGODg=","Pk6Dbvnz2gM","2016-05-11T07:24:59Z"
"items362","youtube#playlistItem","hefo7XyJh2agJZCutAiGsMd_Q74","VVU4TWJSUVFkWWhOd09GZVhtcEs1VUJ3LkM4NjZDNzkzNzVCRkRDQ0U=","PEvKgMWaG8Y","2016-05-10T14:50:04Z"
"items372","youtube#playlistItem","S8hVKklNEwIz7kuyfmcYntUP_Xc","VVU4TWJSUVFkWWhOd09GZVhtcEs1VUJ3Ljg3NDU5MjU5QUUzQ0VFNzk=","Ll6Rq_fgC0M","2016-05-04T14:56:42Z"
"items382","youtube#playlistItem","fQMNhNvpBta-vUw9seteqBHpvMg","VVU4TWJSUVFkWWhOd09GZVhtcEs1VUJ3LkIwOTVDQzFERjI5NUQ5NkU=","hjUnqdXispI","2016-05-03T11:49:05Z"
"items392","youtube#playlistItem","nLNKkzLdNMaCdbNwNtNiGlX-cwg","VVU4TWJSUVFkWWhOd09GZVhtcEs1VUJ3LjdGN0FBMzA1RTBFMDVCQTc=","SIh92r_9Gf4","2016-04-29T13:54:25Z"
"items402","youtube#playlistItem","PcojtUrBFgewGXan5s9ItKVhrgk","VVU4TWJSUVFkWWhOd09GZVhtcEs1VUJ3LkY3QTBGQzFBMkYxMUI0NzU=","08foriss_zE","2016-04-29T13:34:30Z"
"items413","youtube#playlistItem","Jw-jSxlDJJdP8GaPXbCHN4KW46I","VVU4TWJSUVFkWWhOd09GZVhtcEs1VUJ3LkQ1Qjk5MUJCRjE0NTFCNDc=","d6SwiSLk7JY","2016-04-29T12:49:27Z"
"items422","youtube#playlistItem","YK3O-qFQrSoQOzekiJk9umLfXeI","VVU4TWJSUVFkWWhOd09GZVhtcEs1VUJ3LkJGMEU5NTNBMTgyODdFQkU=","PF1mU_B09MI","2016-04-29T12:08:44Z"
"items432","youtube#playlistItem","mTkrjjjpff9rnbRvZCRZ26AmxCY","VVU4TWJSUVFkWWhOd09GZVhtcEs1VUJ3LjVBNDhBMjIzRjVFMEYxQ0Q=","4jBcaKgmyyA","2016-04-29T11:12:20Z"
"items442","youtube#playlistItem","7HPj9_xY2_OeuzPgV6Z-2caITPg","VVU4TWJSUVFkWWhOd09GZVhtcEs1VUJ3LjBCMDhCRURDREVEQjMyMUI=","9brj_lYjRw0","2016-04-29T11:00:46Z"
"items452","youtube#playlistItem","Yz1qptNJm6PoX-LbtSDdMxrQOa0","VVU4TWJSUVFkWWhOd09GZVhtcEs1VUJ3LjA2MjNEMDU5NDYzRTI4MTA=","KVhavhN9LAk","2016-04-29T10:50:40Z"
"items462","youtube#playlistItem","ZuJ8NIq4GQxa-x-EBm-6w4ambgY","VVU4TWJSUVFkWWhOd09GZVhtcEs1VUJ3LkRBN0U0NTczRjcxMzVCOUY=","v1lMqNwzIwU","2016-04-29T10:26:11Z"
"items472","youtube#playlistItem","e4oPypuxJzXkCUR8OIdDm0J3Xck","VVU4TWJSUVFkWWhOd09GZVhtcEs1VUJ3LjFGMTU3NDgyNEIxQ0VEN0E=","GaWokCk9WNQ","2016-04-29T10:19:52Z"
"items482","youtube#playlistItem","eKb_kidejZrePWUY02Z0p8dkX-g","VVU4TWJSUVFkWWhOd09GZVhtcEs1VUJ3LkM1QTM5QUU2QjI5RTM5NEI=","qFzbfjkAArY","2016-04-29T08:31:57Z"
"items492","youtube#playlistItem","PJnAocQ7DsxGZaiq8d-lfdmeguU","VVU4TWJSUVFkWWhOd09GZVhtcEs1VUJ3LjMyRjYyMDdEMkRFOTE2OTM=","xn9uAAQt4Pg","2016-04-29T08:07:57Z"
"items502","youtube#playlistItem","SvEjNl4BKlCtKMXObYVjFXNhc2Q","VVU4TWJSUVFkWWhOd09GZVhtcEs1VUJ3LkUyMURGRjEyMjY2OTIyODk=","k6ewOIEako0","2016-04-29T07:23:46Z"
"items114","youtube#playlistItem","HmEO-1gviY_DQFOMFKbonTJ3IEY","VVU4TWJSUVFkWWhOd09GZVhtcEs1VUJ3LkU5MTdFMEUyM0UwM0QzRjM=","wkl4NSMWu5Y","2016-04-28T13:16:48Z"
"items214","youtube#playlistItem","besM7yZchFGV3x6tW1d1yhgscjE","VVU4TWJSUVFkWWhOd09GZVhtcEs1VUJ3LkE1NEZBMTVCNjY1QTk1MDM=","xweV4oe2cH0","2016-04-28T13:08:45Z"
"items314","youtube#playlistItem","SGcaQSJuXmIINwSin77O__kgHDU","VVU4TWJSUVFkWWhOd09GZVhtcEs1VUJ3LjY2MEYyREU0NzAyMzY3NjE=","utipYfQiMwc","2016-04-28T12:37:40Z"
"items414","youtube#playlistItem","eoTZQUG5b2SOm-cCQm5S-gHYacs","VVU4TWJSUVFkWWhOd09GZVhtcEs1VUJ3LjQ1MEZEMTkwODZDQ0Q4Mjg=","z7554XwwIKc","2016-04-28T12:24:57Z"
"items53","youtube#playlistItem","tdssssbHlWySMfNtH-kOgdwScog","VVU4TWJSUVFkWWhOd09GZVhtcEs1VUJ3LjRDQkREMzE3NzA1OTUzRjQ=","x3D07vTcd5g","2016-04-28T12:18:32Z"
"items63","youtube#playlistItem","_hkqO4cfCWxiQ9OyJKwOW7Tzgjs","VVU4TWJSUVFkWWhOd09GZVhtcEs1VUJ3LjAxMjIxMEExMDdENTE2OUM=","x7TBlk2EqjA","2016-04-28T12:12:34Z"
"items73","youtube#playlistItem","WfIMJz7kdeniyAwW1lxfJJ_ZYzY","VVU4TWJSUVFkWWhOd09GZVhtcEs1VUJ3LkM1NTc4NDg4MDMyMURFMjU=","qxzdODu0N50","2016-04-28T12:01:52Z"
"items83","youtube#playlistItem","H2W9dmjs4Lw3YyvnxwKtW1f4PKU","VVU4TWJSUVFkWWhOd09GZVhtcEs1VUJ3LjRBNjk2NDNCRDMyODA2OEM=","O36kYkUeQns","2016-04-28T11:51:37Z"
"items93","youtube#playlistItem","Rsx_ZSLTvN4FH7JAx7RJQ4jL0w4","VVU4TWJSUVFkWWhOd09GZVhtcEs1VUJ3LkI4M0Q5MUREM0JCNTY4OEQ=","sdZDP1mh-Lo","2016-04-28T10:28:07Z"
"items103","youtube#playlistItem","98QtFOS_HLbL6fp9MmgoSaBpAss","VVU4TWJSUVFkWWhOd09GZVhtcEs1VUJ3Ljk0MjMwRUE2OTk1MUZENkI=","ieBTGB4A7E0","2016-04-28T07:33:15Z"
"items115","youtube#playlistItem","Y3JA2Xw4pB9Q5Mj_dpLubn-q0IQ","VVU4TWJSUVFkWWhOd09GZVhtcEs1VUJ3LkI0QUQ5Q0NFQzMyNUYyNzY=","g_pLm1erIdo","2016-04-28T07:11:04Z"
"items123","youtube#playlistItem","t4ltMIp98g4oaKhUItddRmjAA4w","VVU4TWJSUVFkWWhOd09GZVhtcEs1VUJ3LkRERTRCNkREMzNEMEY1MzM=","2rn3OTSM-HY","2016-04-28T06:31:41Z"
"items133","youtube#playlistItem","8i_3kl-wdqR8OLn92RMIWUIh7EY","VVU4TWJSUVFkWWhOd09GZVhtcEs1VUJ3LjVGNTQ5NUJBOEM1RTBDMEM=","6kqq6yVpxMA","2016-04-27T06:05:00Z"
"items143","youtube#playlistItem","exh7a0mYj19k5Nqpd6sEtJo9vHA","VVU4TWJSUVFkWWhOd09GZVhtcEs1VUJ3LkFGNjg2N0FGMDlFN0IxQzE=","29Wk6hqV62c","2016-04-26T14:38:29Z"
"items153","youtube#playlistItem","V1YqZHbY7prjcBeZC7TGN1vYMGg","VVU4TWJSUVFkWWhOd09GZVhtcEs1VUJ3LkMyQzQyNDc5ODBDMEIwRkE=","kuvpClX_Chs","2016-04-26T14:01:49Z"
"items163","youtube#playlistItem","j6XbvyPJoZieTzzgtAiIYIrob70","VVU4TWJSUVFkWWhOd09GZVhtcEs1VUJ3LjlDMzQ5RkJENTIxODBERUY=","YADWEXsg0NY","2016-04-26T13:34:20Z"
"items173","youtube#playlistItem","n__MxGkAKXyp0UvVVrQO0bjJ0b8","VVU4TWJSUVFkWWhOd09GZVhtcEs1VUJ3LkI3MDNDNEMyQjdBOERDNkE=","2SDVYaAAwvg","2016-04-26T12:20:26Z"
"items183","youtube#playlistItem","e1uhiXK8qdzvfMAZyeEnOafmdYA","VVU4TWJSUVFkWWhOd09GZVhtcEs1VUJ3LjFERUExODU4ODUzQkJBQTU=","z4mL-i_ZKh0","2016-04-26T12:03:55Z"
"items193","youtube#playlistItem","SvlN-RuUEBR6fOaOf29HSL1yUhg","VVU4TWJSUVFkWWhOd09GZVhtcEs1VUJ3LjczMEVFNkMxQzc5NjZGNDg=","UvXBYZ5YuYc","2016-04-26T10:14:35Z"
"items203","youtube#playlistItem","SKVAI5YAO-r70ioxa3NbcIagujc","VVU4TWJSUVFkWWhOd09GZVhtcEs1VUJ3LkM3M0NEMTU3OEY4NDM4MjY=","N928Ns6LOAo","2016-04-26T07:54:57Z"
"items215","youtube#playlistItem","zjV5Edw9rIV-fHeRL6la-m8_g2k","VVU4TWJSUVFkWWhOd09GZVhtcEs1VUJ3LjNBOTIyMTA3RTRCRTdEODk=","N8y2kwHlaYo","2016-04-26T07:27:53Z"
"items223","youtube#playlistItem","-U02ThOpq2JWultvXREtZOCkiJU","VVU4TWJSUVFkWWhOd09GZVhtcEs1VUJ3LjIzRjE2RDgxMTFGODhFQjY=","ZXFUg-wXSZ4","2016-04-26T07:27:53Z"
"items233","youtube#playlistItem","q8EU-xDbMow0C_3ZRdqrYjkG_-g","VVU4TWJSUVFkWWhOd09GZVhtcEs1VUJ3LjdDRTI4MkQ2Nzc0NEI4NTQ=","1cppahqhAaM","2016-04-26T06:19:25Z"
"items243","youtube#playlistItem","VepzBDJj-9qkab1nWBOk-WAPUh0","VVU4TWJSUVFkWWhOd09GZVhtcEs1VUJ3LkNDNjZENkVFRDJEOUNCQzA=","591yeao-nyw","2016-04-25T14:55:49Z"
"items253","youtube#playlistItem","CyctM32BUeZoexzUiv4IPfASayI","VVU4TWJSUVFkWWhOd09GZVhtcEs1VUJ3LjA5OTNFQ0ZCRTlDMjVBMDc=","IK5R343E_co","2016-04-25T14:42:28Z"
"items263","youtube#playlistItem","bSpLsmGO2nY_tntoLhDxw-gnA6M","VVU4TWJSUVFkWWhOd09GZVhtcEs1VUJ3LjQyRDRGNTBFOUYxRTg3RkY=","210AyplVs14","2016-04-25T14:04:40Z"
"items273","youtube#playlistItem","pyqia_Va_nW3fFxSKdSNR42pLv0","VVU4TWJSUVFkWWhOd09GZVhtcEs1VUJ3LkE2MEIxQUI3RDlDNTIyOUY=","U0XCzhgP40U","2016-04-21T14:25:06Z"
"items283","youtube#playlistItem","9UGmycVe7xBKqJgUFR-785-BiRA","VVU4TWJSUVFkWWhOd09GZVhtcEs1VUJ3LjIyQ0E3QzhBQkRDNjEyMDc=","y1KCooT1tSU","2016-04-20T12:50:39Z"
"items293","youtube#playlistItem","-LxsDeV_FpmoTNTMzEGAbMiAwiA","VVU4TWJSUVFkWWhOd09GZVhtcEs1VUJ3LjFDQTI1NUZERDU3OTkyRUE=","i_oaAGXhrg4","2016-04-20T06:15:49Z"
"items303","youtube#playlistItem","Cd7LEC2ZWZgJl2Fy44LNG5gcY6Q","VVU4TWJSUVFkWWhOd09GZVhtcEs1VUJ3LjUyMDZCOUREQzc1MTRGQkY=","Gf1Ne_-ki3U","2016-04-15T06:12:19Z"
